LISTING_NEIGHBOURHOOD,MONTH_YEAR,ACTIVE_LISTINGS_RATE,MIN_PRICE,MAX_PRICE,MEDIAN_PRICE,AVG_PRICE,DISTINCT_HOSTS,SUPERHOST_RATE,AVG_REVIEW_SCORES_RATINGS,PER_CHANGE_ACTIVE_LISTINGS,PER_CHANGE_INACTIVE_LISTINGS,TOTAL_STAYS,AVG_ESTIMATED_REVENUE_PER_ACTIVE_LISTING
Bayside,2020-05-01,100.000000,0,15367,86,182.014851,1220,11.557400,92.058485,,,30899,2461.658416
Bayside,2020-06-01,100.000000,0,14478,84,178.743380,1200,11.250000,92.101378,-1.856400,,30393,2498.889029
Bayside,2020-07-01,100.000000,0,14376,81,180.901999,1171,12.382600,92.049383,-2.206800,,30624,2462.005803
Bayside,2020-08-01,100.000000,17,2904,79,110.696377,1051,12.940100,92.009153,-11.025100,,24945,1916.742029
Bayside,2020-09-01,100.000000,17,2904,79,109.028571,1157,12.100300,91.960784,11.594200,,28798,1961.669481
Bayside,2020-10-01,100.000000,17,2904,78,108.783212,1140,11.578900,92.087185,-1.753200,,30281,2103.468605
Bayside,2020-11-01,100.000000,14,2904,78.5,112.541638,1115,11.569500,92.329361,-2.379400,,27938,2083.918077
Bayside,2020-12-01,100.000000,15,2904,80,116.815807,1128,11.347500,92.124726,1.083300,,31826,2486.866711
Bayside,2021-01-01,100.000000,15,2904,80,128.832224,1127,10.736500,92.107301,0.602800,,31143,2631.884820
Bayside,2021-02-01,99.730300,15,2904,80,124.721433,1110,10.720700,92.029900,-1.531300,,28791,2421.277214
Bayside,2021-03-01,99.655400,15,2904,80,126.848548,1105,10.407200,92.067720,-2.231200,25.000000,29291,2613.850622
Bayside,2021-04-01,99.164300,15,2904,80,120.045646,1058,10.018900,92.248853,-1.521400,140.000000,28947,2492.330056
Blacktown,2020-05-01,100.000000,23,1099,63,90.301887,239,12.970700,89.920398,,,3628,1037.927673
Blacktown,2020-06-01,100.000000,23,1099,63,90.674267,234,13.675200,90.455026,-3.459100,,3816,1109.097720
Blacktown,2020-07-01,100.000000,23,2164,64.5,117.963455,230,14.782600,90.843575,-1.954400,,4365,1376.843854
Blacktown,2020-08-01,100.000000,20,2000,60,98.152482,216,13.425900,90.011696,-6.312300,,3318,1228.808511
Blacktown,2020-09-01,100.000000,20,2000,60,95.000000,220,13.636400,90.697143,2.482300,,3614,1179.377163
Blacktown,2020-10-01,100.000000,18,2000,64.5,98.964413,216,11.574100,91.224852,-2.768200,,4098,1673.427046
Blacktown,2020-11-01,100.000000,18,2000,61,92.807018,221,11.312200,91.059172,1.423500,,3409,1227.364912
Blacktown,2020-12-01,99.649100,22,2000,61.5,92.992958,217,11.520700,91.000000,-0.350900,,4423,1670.380282
Blacktown,2021-01-01,100.000000,22,2228,61.5,106.680702,213,10.328600,90.596591,0.352100,-100.000000,4095,1718.115789
Blacktown,2021-02-01,99.637700,22,2000,63.5,93.552727,216,10.185200,90.856287,-3.508800,,3299,1075.287273
Blacktown,2021-03-01,98.168500,22,2000,65,97.656716,216,10.648100,91.843750,-2.545500,400.000000,3457,1203.787313
Blacktown,2021-04-01,96.000000,22,2000,66,100.219697,207,10.144900,92.019608,-1.492500,120.000000,3540,1264.128788
Burwood,2020-05-01,100.000000,15,2440,70,148.549815,169,11.242600,89.480663,,,4615,2000.214022
Burwood,2020-06-01,100.000000,14,2440,69,130.946768,165,10.909100,89.494318,-2.952000,,4224,2066.847909
Burwood,2020-07-01,100.000000,14,2711,70,145.566038,161,11.801200,89.615819,0.760500,,4398,1884.992453
Burwood,2020-08-01,100.000000,15,530,65.5,91.730612,152,10.526300,89.595238,-7.547200,,3757,1272.820408
Burwood,2020-09-01,100.000000,15,530,66.5,92.403042,158,10.126600,89.857923,7.346900,,4236,1338.463878
Burwood,2020-10-01,100.000000,15,530,66,90.030189,163,9.202500,89.157609,0.760500,,4367,1350.094340
Burwood,2020-11-01,100.000000,15,530,69.5,91.421260,153,9.803900,89.736196,-4.150900,,3888,1248.625984
Burwood,2020-12-01,100.000000,16,530,70,100.198413,151,9.933800,89.959064,-0.787400,,4599,1635.718254
Burwood,2021-01-01,100.000000,16,530,70,98.872510,149,10.067100,89.971591,-0.396800,,4641,1636.167331
Burwood,2021-02-01,100.000000,16,530,70,95.665217,145,9.655200,90.440476,-8.366500,,3999,1451.769565
Burwood,2021-03-01,100.000000,16,530,70,96.941176,143,10.489500,90.703030,-3.913000,,4248,1693.434389
Burwood,2021-04-01,100.000000,16,530,72.5,100.535088,148,11.486500,90.197605,3.167400,,4036,1651.605263
Camden,2020-05-01,100.000000,35,350,87.5,107.632653,41,24.390200,94.366667,,,606,1183.734694
Camden,2020-06-01,100.000000,32,350,87.5,106.760000,41,24.390200,94.823529,2.040800,,657,1462.100000
Camden,2020-07-01,100.000000,31,2157,94.5,232.660000,42,33.333300,94.969697,0.000000,,820,2329.600000
Camden,2020-08-01,100.000000,35,400,97,112.361702,41,31.707300,95.151515,-6.000000,,695,1616.531915
Camden,2020-09-01,100.000000,35,400,92,110.479167,42,33.333300,95.205882,2.127700,,770,1825.770833
Camden,2020-10-01,100.000000,35,425,100,114.396226,43,32.558100,95.117647,10.416700,,814,1754.000000
Camden,2020-11-01,100.000000,35,425,100,122.679245,42,30.952400,94.882353,0.000000,,841,1801.018868
Camden,2020-12-01,100.000000,35,472,100,127.603774,43,30.232600,95.028571,0.000000,,930,2250.075472
Camden,2021-01-01,100.000000,35,448,102.5,127.226415,43,34.883700,94.406250,0.000000,,855,1837.056604
Camden,2021-02-01,100.000000,35,427,100,125.711538,42,35.714300,94.393939,-1.886800,,744,1734.557692
Camden,2021-03-01,100.000000,35,425,102.5,126.803922,41,36.585400,94.393939,-1.923100,,838,1971.019608
Camden,2021-04-01,100.000000,35,425,94,109.240000,38,34.210500,94.967742,-1.960800,,922,1968.800000
Campbelltown,2020-05-01,100.000000,20,2500,75,156.285714,75,26.666700,91.933333,,,1850,1291.731092
Campbelltown,2020-06-01,100.000000,20,2500,80,161.722689,75,25.333300,92.288889,0.000000,,1889,1887.571429
Campbelltown,2020-07-01,100.000000,20,2500,83,240.858407,73,26.027400,92.333333,-5.042000,,1770,2274.787611
Campbelltown,2020-08-01,100.000000,25,2500,80.5,149.127660,68,27.941200,92.506849,-16.814200,,1173,1733.042553
Campbelltown,2020-09-01,100.000000,25,510,74,114.860000,71,26.760600,92.467532,6.383000,,1528,1246.340000
Campbelltown,2020-10-01,100.000000,25,659,74,114.781250,67,26.865700,90.779221,-4.000000,,1683,1733.156250
Campbelltown,2020-11-01,100.000000,25,660,78.5,120.747475,68,26.470600,90.428571,3.125000,,1599,1426.050505
Campbelltown,2020-12-01,100.000000,24,2243,83.5,174.362745,69,23.188400,89.578947,3.030300,,1867,3326.500000
Campbelltown,2021-01-01,100.000000,21,8000,83.5,237.427184,69,26.087000,89.840000,0.980400,,1977,3293.834951
Campbelltown,2021-02-01,99.065400,20,10000,83,268.245283,73,27.397300,90.298701,2.912600,,1780,3396.575472
Campbelltown,2021-03-01,99.065400,22,10000,82,265.075472,72,27.777800,90.556962,0.000000,0.000000,2097,3462.716981
Campbelltown,2021-04-01,99.056600,25,760,83,130.257143,71,23.943700,90.716049,-0.943400,0.000000,1930,2231.000000
Canada Bay,2020-05-01,100.000000,24,2440,110,154.165948,384,9.895800,92.894915,,,8923,2836.644397
Canada Bay,2020-06-01,100.000000,24,2440,109.5,154.238739,372,9.677400,92.466431,-4.310300,,8875,2936.110360
Canada Bay,2020-07-01,100.000000,24,2711,105,155.978774,359,10.306400,92.869403,-4.504500,,8719,3212.167453
Canada Bay,2020-08-01,100.000000,25,1450,103.5,148.893557,310,10.967700,94.000000,-15.801900,,7167,2866.254902
Canada Bay,2020-09-01,100.000000,25,1450,100,145.702500,345,9.565200,93.876494,12.044800,,8214,2895.402500
Canada Bay,2020-10-01,100.000000,25,1100,100,141.863636,343,9.037900,93.987854,-1.000000,,8666,3097.512626
Canada Bay,2020-11-01,100.000000,21,1100,100,141.172043,322,8.695700,93.703390,-6.060600,,7758,2887.440860
Canada Bay,2020-12-01,100.000000,21,3300,104.5,157.181102,323,8.978300,93.136170,2.419400,,8552,3385.587927
Canada Bay,2021-01-01,100.000000,21,3586,100,155.705729,327,8.562700,93.438298,0.787400,,8390,3378.106771
Canada Bay,2021-02-01,99.738900,21,3300,100,153.068063,322,8.695700,92.829167,-0.520800,,7995,3206.447644
Canada Bay,2021-03-01,99.737500,21,3300,100,154.200000,321,8.411200,92.622881,-0.523600,0.000000,8366,3437.539474
Canada Bay,2021-04-01,99.466700,25,3300,109.5,158.734584,305,7.541000,93.695652,-1.842100,100.000000,7795,3306.726542
Canterbury-Bankstown,2020-05-01,100.000000,12,1000,71,96.473364,502,10.159400,90.634615,,,9625,1336.185693
Canterbury-Bankstown,2020-06-01,100.000000,13,999,70,96.740000,494,10.121500,90.764706,-1.065400,,9995,1437.427692
Canterbury-Bankstown,2020-07-01,100.000000,13,2157,75,104.136076,490,11.224500,90.951282,-2.769200,,10114,1479.015823
Canterbury-Bankstown,2020-08-01,100.000000,13,850,70,93.409336,429,10.722600,90.597059,-11.867100,,7862,1225.362657
Canterbury-Bankstown,2020-09-01,100.000000,13,650,70,92.066884,475,11.578900,90.635638,10.053900,,9405,1337.686786
Canterbury-Bankstown,2020-10-01,100.000000,13,650,70,92.965686,474,11.603400,90.576720,-0.163100,,10499,1519.024510
Canterbury-Bankstown,2020-11-01,100.000000,13,900,70,95.355330,465,11.828000,91.065395,-3.431400,,9154,1391.353638
Canterbury-Bankstown,2020-12-01,100.000000,13,900,70,98.418760,457,11.159700,91.054645,1.015200,,11261,1839.879397
Canterbury-Bankstown,2021-01-01,100.000000,13,893,70,97.538721,452,10.177000,91.094444,-0.502500,,10277,1658.828283
Canterbury-Bankstown,2021-02-01,99.496600,13,2261,70,105.575042,453,9.933800,91.111732,-0.168400,,9541,1705.252951
Canterbury-Bankstown,2021-03-01,99.488100,13,1000,70,99.433962,449,10.245000,91.025352,-1.686300,0.000000,9753,1580.401372
Canterbury-Bankstown,2021-04-01,98.960100,13,851,70,96.070053,431,10.440800,91.334320,-2.058300,100.000000,9206,1447.059545
Cumberland,2020-05-01,100.000000,15,14999,100,162.623711,409,16.136900,92.057471,,,10724,3174.429553
Cumberland,2020-06-01,100.000000,14,15000,100,160.906593,397,15.617100,91.438596,-6.185600,,10058,2843.725275
Cumberland,2020-07-01,100.000000,14,15000,98,196.158317,368,15.760900,91.468144,-8.608100,,9702,3969.094188
Cumberland,2020-08-01,100.000000,15,15000,85,151.181176,318,16.666700,91.171053,-14.829700,,7711,3064.962353
Cumberland,2020-09-01,100.000000,15,15000,85.5,176.112735,360,16.388900,91.423529,12.705900,,9272,3934.425887
Cumberland,2020-10-01,100.000000,15,15000,85,172.747863,354,14.689300,91.389728,-2.296500,,9398,4101.440171
Cumberland,2020-11-01,100.000000,15,15000,85.5,173.733475,358,15.083800,91.958861,0.213700,,8783,3909.452026
Cumberland,2020-12-01,100.000000,15,15000,94,178.127932,359,13.649000,90.246106,0.000000,,9843,4254.437100
Cumberland,2021-01-01,100.000000,15,15000,95,180.633621,357,13.725500,90.732704,-1.066100,,9211,4137.532328
Cumberland,2021-02-01,99.788600,15,15000,98.5,180.843220,359,13.927600,90.572308,1.724100,,8879,3840.887712
Cumberland,2021-03-01,99.792500,15,15000,95,179.686071,358,13.128500,90.692073,1.906800,0.000000,10040,4094.731809
Cumberland,2021-04-01,99.099100,15,15000,100,191.097727,319,11.598700,91.483444,-8.523900,300.000000,8713,4162.993182
Fairfield,2020-05-01,100.000000,20,501,76,102.354167,56,8.928600,89.633803,,,1162,1127.552083
Fairfield,2020-06-01,100.000000,20,501,76,101.193878,57,8.771900,89.424658,2.083300,,1355,1219.938776
Fairfield,2020-07-01,100.000000,20,2164,79,222.281553,57,14.035100,89.671233,5.102000,,1426,1366.524272
Fairfield,2020-08-01,100.000000,20,840,78,90.573034,53,13.207500,89.283582,-13.592200,,1176,903.483146
Fairfield,2020-09-01,100.000000,20,840,78,94.347826,54,12.963000,89.558824,3.370800,,1251,962.967391
Fairfield,2020-10-01,100.000000,20,840,75.5,93.117647,49,10.204100,90.245902,-7.608700,,1349,1239.847059
Fairfield,2020-11-01,100.000000,20,840,69.5,92.036585,52,11.538500,92.415094,-3.529400,,1224,1146.743902
Fairfield,2020-12-01,100.000000,20,1429,75.5,109.176471,56,10.714300,92.203704,3.658500,,1433,1778.164706
Fairfield,2021-01-01,100.000000,15,840,78,105.024096,54,11.111100,92.345455,-2.352900,,1589,1874.421687
Fairfield,2021-02-01,98.837200,20,840,75.5,101.341176,56,12.500000,92.482143,2.409600,,1284,1225.270588
Fairfield,2021-03-01,98.863600,17,840,75.5,99.344828,57,12.280700,92.864407,2.352900,0.000000,1444,1483.229885
Fairfield,2021-04-01,98.924700,20,840,77.5,107.869565,59,11.864400,92.262295,5.747100,0.000000,1357,1319.717391
Georges River,2020-05-01,100.000000,0,3500,80,125.918269,312,10.897400,92.166038,,,7353,1955.209135
Georges River,2020-06-01,100.000000,0,3499,80,127.328502,305,10.491800,92.503846,-0.480800,,7389,2109.623188
Georges River,2020-07-01,100.000000,0,1500,80,118.896135,305,12.786900,92.767176,0.000000,,7819,2081.311594
Georges River,2020-08-01,100.000000,25,997,75,104.264045,272,14.338200,92.738739,-14.009700,,6207,1689.803371
Georges River,2020-09-01,100.000000,21,1250,70.5,104.739857,298,12.416100,92.800000,17.696600,,7853,1838.245823
Georges River,2020-10-01,100.000000,21,1302,70.5,108.614458,295,9.491500,92.953125,-0.954700,,8299,2142.419277
Georges River,2020-11-01,100.000000,21,1564,70.5,107.486874,302,10.596000,92.408397,0.963900,,7794,1984.066826
Georges River,2020-12-01,100.000000,21,1850,73,113.588972,294,9.863900,92.342742,-4.773300,,8462,2333.997494
Georges River,2021-01-01,100.000000,21,1807,70,111.680101,291,8.591100,91.516000,-0.501300,,8192,2137.277078
Georges River,2021-02-01,99.746200,21,1750,70,108.819338,289,8.650500,91.514170,-1.007600,,7445,1876.918575
Georges River,2021-03-01,99.743600,21,1750,70,109.084833,291,8.247400,92.145228,-1.017800,0.000000,7651,1943.437018
Georges River,2021-04-01,98.143200,21,1750,70,113.248649,277,9.386300,92.299107,-4.884300,600.000000,6967,1841.932432
Hornsby,2020-05-01,100.000000,20,5000,91,152.137634,338,23.076900,93.490196,,,7581,2004.350538
Hornsby,2020-06-01,100.000000,20,4999,87.5,149.541667,325,23.384600,93.596045,-1.935500,,7987,2320.118421
Hornsby,2020-07-01,100.000000,20,5000,87,176.890591,324,25.925900,93.330484,0.219300,,8059,2503.857768
Hornsby,2020-08-01,100.000000,20,5000,85,155.321867,295,27.796600,93.438095,-10.940900,,6666,2310.963145
Hornsby,2020-09-01,100.000000,20,5000,85,155.721348,316,26.265800,93.597668,9.336600,,7979,2732.278652
Hornsby,2020-10-01,100.000000,20,1466,89,145.631455,309,27.184500,93.600000,-4.269700,,8140,2810.835681
Hornsby,2020-11-01,100.000000,20,1466,89,151.533816,305,27.868900,93.639241,-2.816900,,7159,2774.289855
Hornsby,2020-12-01,99.770600,20,1466,94.5,165.643678,322,26.708100,93.912121,5.072500,,8745,3564.937931
Hornsby,2021-01-01,100.000000,20,1466,94,165.062791,321,28.348900,93.878505,-1.149400,-100.000000,8368,3242.020930
Hornsby,2021-02-01,99.529400,20,1466,95,162.330969,319,28.213200,93.909657,-1.627900,,7269,2812.234043
Hornsby,2021-03-01,99.523800,20,1466,90,160.562201,316,28.164600,93.328125,-1.182000,0.000000,7499,2900.229665
Hornsby,2021-04-01,98.581600,20,1466,95,168.014388,312,25.961500,93.619048,-0.239200,200.000000,7196,2761.191847
Hunters Hill,2020-05-01,100.000000,35,2440,183,325.574074,54,7.407400,94.972222,,,1091,7110.240741
Hunters Hill,2020-06-01,100.000000,35,2440,182.5,321.854545,55,7.272700,94.918919,1.851900,,1075,6206.981818
Hunters Hill,2020-07-01,100.000000,36,2711,182.5,327.584906,53,7.547200,95.400000,-3.636400,,1049,6900.943396
Hunters Hill,2020-08-01,100.000000,30,1100,170,252.955556,45,8.888900,95.242424,-15.094300,,887,5180.444444
Hunters Hill,2020-09-01,100.000000,30,1100,170,258.420000,50,8.000000,95.382353,11.111100,,1005,5519.700000
Hunters Hill,2020-10-01,100.000000,30,1100,195,269.509804,51,5.882400,95.454545,2.000000,,1044,5783.392157
Hunters Hill,2020-11-01,100.000000,30,1000,167.5,240.580000,50,8.000000,95.382353,-1.960800,,946,4390.520000
Hunters Hill,2020-12-01,100.000000,30,1000,177,273.039216,50,10.000000,95.161290,2.000000,,1169,6019.137255
Hunters Hill,2021-01-01,100.000000,30,1200,195,310.903846,50,8.000000,95.281250,1.960800,,1168,6406.615385
Hunters Hill,2021-02-01,100.000000,30,1500,172.5,321.764706,49,8.163300,94.625000,-1.923100,,1028,6134.196078
Hunters Hill,2021-03-01,100.000000,30,1500,195,345.549020,49,8.163300,94.612903,0.000000,,1012,5607.980392
Hunters Hill,2021-04-01,100.000000,30,1500,160.5,339.240741,50,8.000000,94.882353,5.882400,,986,5346.425926
Inner West,2020-05-01,100.000000,15,9022,106,186.164552,2009,13.738200,93.437041,,,54280,3745.191158
Inner West,2020-06-01,100.000000,14,9021,100.166666667,187.334990,1970,13.198000,93.416810,-1.146100,,53850,3836.463768
Inner West,2020-07-01,100.000000,14,9020,101,190.141933,1922,14.204000,93.457453,-4.016600,,52287,3825.835203
Inner West,2020-08-01,100.000000,17,9021,99,159.959492,1699,14.714500,93.502373,-11.604800,,43961,3126.442167
Inner West,2020-09-01,100.000000,17,9021,100,157.979556,1900,13.736800,93.486569,12.201100,,50932,3249.353197
Inner West,2020-10-01,100.000000,16,9021,100,159.196903,1877,12.733100,93.577210,-1.696400,,52388,3478.676991
Inner West,2020-11-01,100.000000,17,9021,100,156.739593,1873,12.226400,93.535354,-0.088500,,50866,3331.626661
Inner West,2020-12-01,100.000000,17,9021,100,162.346344,1863,12.345700,93.560284,-1.284300,,53946,3710.881561
Inner West,2021-01-01,99.954600,17,9021,100,160.979583,1836,11.655800,93.522078,-1.121600,,53109,3727.307623
Inner West,2021-02-01,100.000000,17,9021,100,160.154375,1826,11.610100,93.486859,-0.952800,-100.000000,50948,3516.485570
Inner West,2021-03-01,100.000000,17,9021,100,161.076923,1799,11.562000,93.472389,-1.145200,,51402,3596.897590
Inner West,2021-04-01,99.481900,17,9021,100,162.979167,1709,11.585700,93.227882,-2.131600,,51027,3709.975852
Lane Cove,2020-05-01,100.000000,35,3000,110,239.072785,249,8.835300,92.097222,,,5475,4419.930380
Lane Cove,2020-06-01,100.000000,34,3000,110,230.910256,244,9.016400,92.061033,-1.265800,,5682,4369.365385
Lane Cove,2020-07-01,100.000000,25,3000,118,267.061920,244,9.426200,91.904762,3.525600,,5830,4376.123839
Lane Cove,2020-08-01,100.000000,32,2073,106.5,207.923636,203,10.344800,92.130682,-14.860700,,4697,3887.901818
Lane Cove,2020-09-01,100.000000,25,2069,102,205.345515,229,9.607000,92.213930,9.454500,,5529,4042.714286
Lane Cove,2020-10-01,100.000000,25,2078,104.5,203.354305,226,8.849600,92.383085,0.332200,,5934,4186.072848
Lane Cove,2020-11-01,100.000000,25,2750,108.5,214.608108,227,9.691600,92.061538,-1.986800,,5493,4290.675676
Lane Cove,2020-12-01,100.000000,25,2750,110,216.790378,221,9.502300,91.798942,-1.689200,,5909,4917.360825
Lane Cove,2021-01-01,100.000000,25,2200,110,213.453287,218,8.715600,91.590426,-0.687300,,5778,4491.366782
Lane Cove,2021-02-01,100.000000,25,2200,108.5,215.003521,217,8.755800,91.675676,-1.730100,,5291,4462.401408
Lane Cove,2021-03-01,100.000000,25,2000,107,205.748227,215,8.837200,91.108108,-0.704200,,5416,4613.223404
Lane Cove,2021-04-01,99.633700,25,2000,108.5,203.805147,201,8.457700,91.356757,-3.546100,,5582,4823.452206
Liverpool,2020-05-01,100.000000,15,586,99,125.467532,113,15.929200,91.226415,,,2243,1766.337662
Liverpool,2020-06-01,100.000000,14,550,90,119.540541,112,15.178600,91.844660,-3.896100,,2263,1660.222973
Liverpool,2020-07-01,100.000000,16,2164,93,276.167742,106,16.037700,92.193878,4.729700,,2172,2708.264516
Liverpool,2020-08-01,100.000000,29,530,85,113.972028,106,16.981100,92.536082,-7.741900,,1764,1288.433566
Liverpool,2020-09-01,100.000000,24,522,85,115.562044,102,16.666700,92.623529,-4.195800,,1881,1404.291971
Liverpool,2020-10-01,100.000000,24,9999,86.5,191.633588,105,15.238100,92.569767,-4.379600,,2105,3936.954198
Liverpool,2020-11-01,100.000000,24,9999,83,183.954545,108,16.666700,93.147727,0.763400,,2084,3820.840909
Liverpool,2020-12-01,100.000000,24,503,90,114.180451,106,16.037700,93.597701,0.757600,,2331,2032.902256
Liverpool,2021-01-01,100.000000,24,750,91.5,116.659574,107,14.018700,93.681319,6.015000,,2082,1622.773050
Liverpool,2021-02-01,100.000000,24,750,95,121.362319,106,14.150900,94.086957,-2.127700,,1940,1598.963768
Liverpool,2021-03-01,100.000000,24,750,90,124.330882,104,13.461500,93.608696,-1.449300,,2183,1935.220588
Liverpool,2021-04-01,100.000000,24,750,100,126.483607,90,10.000000,92.547619,-10.294100,,2112,2127.540984
Mosman,2020-05-01,100.000000,31,15309,199,477.184314,370,12.702700,94.801187,,,10787,9153.460784
Mosman,2020-06-01,100.000000,30,14478,199.5,458.263261,368,11.956500,94.760479,-0.196100,,10708,8602.856582
Mosman,2020-07-01,100.000000,30,14355,200,447.920732,354,12.711900,94.887850,-3.339900,,10606,9313.821138
Mosman,2020-08-01,100.000000,30,13936,200,428.758542,305,13.114800,94.902778,-10.772400,,8890,8476.164009
Mosman,2020-09-01,100.000000,30,13748,200,428.609127,349,11.747900,94.861635,14.806400,,10636,8630.061508
Mosman,2020-10-01,100.000000,30,4000,215,413.257143,338,9.467500,94.579470,-2.777800,,11274,9024.567347
Mosman,2020-11-01,100.000000,30,4000,213.5,410.240586,332,10.241000,94.421769,-2.449000,,10879,8804.711297
Mosman,2020-12-01,100.000000,30,8230,250,514.037344,333,10.810800,94.401384,0.836800,,11595,11026.707469
Mosman,2021-01-01,100.000000,30,8230,232.5,474.473029,335,10.149300,94.465986,0.000000,,11191,9975.321577
Mosman,2021-02-01,100.000000,30,4000,237,432.658333,333,10.210200,94.465753,-0.414900,,10938,9214.137500
Mosman,2021-03-01,99.788100,30,4000,236.5,435.195329,330,10.303000,94.111888,-1.875000,,11071,9798.123142
Mosman,2021-04-01,99.349200,30,4000,237,440.137555,312,9.615400,94.126761,-2.760100,200.000000,11096,9947.024017
North Sydney,2020-05-01,100.000000,21,10000,139,221.332593,1036,14.768300,93.923560,,,26949,3852.506667
North Sydney,2020-06-01,100.000000,21,3150,140,215.071055,1028,14.980500,93.848677,-0.963000,,27417,3959.500374
North Sydney,2020-07-01,100.000000,19,3150,136,218.505695,1007,15.094300,93.977124,-1.495900,,27411,4070.677297
North Sydney,2020-08-01,100.000000,26,14589,128,202.835782,873,15.120300,93.933251,-12.148800,,22492,3787.452895
North Sydney,2020-09-01,100.000000,26,14589,128.5,200.977379,978,14.110400,94.113356,10.803800,,26800,3998.806552
North Sydney,2020-10-01,100.000000,26,14589,130,208.476153,961,13.215400,94.218821,-1.872100,,27606,4331.064388
North Sydney,2020-11-01,100.000000,26,14589,130,201.970588,916,12.882100,94.262470,-5.405400,,25845,4212.124370
North Sydney,2020-12-01,100.000000,26,14589,135,213.743760,933,13.076100,94.411976,1.008400,,27934,4744.770383
North Sydney,2021-01-01,100.000000,26,14589,130,211.433584,920,11.956500,94.372902,-0.416000,,27135,4618.187135
North Sydney,2021-02-01,99.915800,26,14589,130,208.106150,914,11.925600,94.423216,-0.835400,,25938,4322.360573
North Sydney,2021-03-01,99.915100,26,14589,130,209.197111,909,11.771200,94.364634,-0.842500,0.000000,26527,4521.480034
North Sydney,2021-04-01,99.831100,26,14589,135,211.380711,870,11.839100,94.295400,0.424800,100.000000,27185,4433.748731
Northern Beaches,2020-05-01,100.000000,12,7654,200,349.332540,4151,14.430300,95.152373,,,107647,6747.822817
Northern Beaches,2020-06-01,100.000000,13,7151,199.93877551,349.488475,4112,14.299600,95.139602,-1.011900,,106527,6806.351974
Northern Beaches,2020-07-01,100.000000,1,7137,200,354.131048,4077,15.035600,95.167687,-0.581300,,107250,6935.737500
Northern Beaches,2020-08-01,100.000000,15,10000,190,332.228648,3650,15.808200,95.083227,-10.060500,,91553,6307.751401
Northern Beaches,2020-09-01,100.000000,15,10000,190,329.146372,3982,14.565500,95.007499,8.428600,,107295,7041.925574
Northern Beaches,2020-10-01,100.000000,15,10000,195.666666667,346.293219,3906,14.849000,95.103427,-1.219800,,111408,7723.583508
Northern Beaches,2020-11-01,100.000000,20,10000,200,353.375814,3895,14.685500,95.053996,-0.313900,,109564,7872.260970
Northern Beaches,2020-12-01,99.959100,20,10000,213.888888889,396.840867,3985,14.404000,95.116337,2.645400,,122167,9548.082225
Northern Beaches,2021-01-01,99.979400,20,10000,205.833333333,395.659509,3929,14.354800,95.116475,-0.940900,-50.000000,111684,8548.626678
Northern Beaches,2021-02-01,99.958400,20,10000,200,370.251197,3918,14.037800,95.137888,-0.784600,100.000000,106619,7774.367326
Northern Beaches,2021-03-01,99.958100,20,10000,200,369.362073,3884,13.877400,95.104252,-0.790800,0.000000,107635,7836.590099
Northern Beaches,2021-04-01,99.681700,20,10000,200,379.173941,3720,13.655900,95.178673,-1.468400,650.000000,105926,7925.533745
Parramatta,2020-05-01,100.000000,14,3000,87,166.874380,427,13.114800,90.673913,,,9265,2362.502479
Parramatta,2020-06-01,100.000000,14,3000,85,168.123924,415,13.253000,90.471751,-3.966900,,9353,1983.409639
Parramatta,2020-07-01,100.000000,14,3000,85,197.596154,405,14.567900,90.148148,-1.549100,,9495,1937.877622
Parramatta,2020-08-01,100.000000,20,3000,80,113.752988,369,14.634100,89.863057,-12.237800,,8115,1695.183267
Parramatta,2020-09-01,100.000000,20,3000,80,111.016698,395,14.177200,90.086310,7.370500,,9111,1702.326531
Parramatta,2020-10-01,100.000000,20,3000,80,105.707635,394,13.198000,90.148936,-0.371100,,9850,1655.938547
Parramatta,2020-11-01,100.000000,20,3000,80,107.396648,395,12.658200,90.478528,0.000000,,9003,1517.821229
Parramatta,2020-12-01,100.000000,20,3000,80,110.263359,400,12.750000,90.675000,-2.420900,,10554,1997.339695
Parramatta,2021-01-01,100.000000,20,3000,78.5,110.066543,402,11.442800,90.061538,3.244300,,10490,2018.994455
Parramatta,2021-02-01,99.627600,20,3000,79,107.629907,400,11.250000,89.817337,-1.109100,,9174,1615.308411
Parramatta,2021-03-01,99.424200,20,3000,80,108.364865,393,11.195900,90.066038,-3.177600,50.000000,9347,1683.565637
Parramatta,2021-04-01,98.640800,20,3000,79,112.218504,386,12.694300,90.332268,-1.930500,133.333300,9108,1713.966535
Penrith,2020-05-01,100.000000,25,1500,111.5,145.286517,116,27.586200,95.573529,,,2302,1364.443820
Penrith,2020-06-01,100.000000,25,1500,110.5,148.709302,113,27.433600,95.723077,-3.370800,,2272,1444.558140
Penrith,2020-07-01,100.000000,30,2164,105,182.784091,111,29.729700,95.385827,2.325600,,2187,1529.153409
Penrith,2020-08-01,100.000000,24,1500,100,152.679487,105,32.381000,95.559322,-11.363600,,1824,1488.961538
Penrith,2020-09-01,100.000000,24,2399,100,185.084337,113,30.088500,95.421488,6.410300,,2343,2175.168675
Penrith,2020-10-01,100.000000,24,2084,100,179.974843,106,29.245300,95.307018,-4.216900,,2675,3256.849057
Penrith,2020-11-01,100.000000,24,2329,100,177.354839,104,28.846200,95.348624,-2.515700,,2247,3107.916129
Penrith,2020-12-01,100.000000,24,2172,114,183.291925,108,25.925900,95.485981,3.871000,,2795,3609.453416
Penrith,2021-01-01,100.000000,24,1795,119,177.479290,110,21.818200,95.513274,4.968900,,2270,2793.319527
Penrith,2021-02-01,99.393900,24,1832,120,182.493902,106,22.641500,95.577982,-2.958600,,2371,3223.530488
Penrith,2021-03-01,99.390200,24,2295,120,207.116564,107,22.429900,94.678899,-0.609800,0.000000,2494,3524.104294
Penrith,2021-04-01,98.809500,24,2180,120,173.921687,111,27.027000,94.734513,1.840500,100.000000,2527,2719.843373
Randwick,2020-05-01,100.000000,5,10001,119,197.353335,2606,8.442100,92.470057,,,75640,4169.027414
Randwick,2020-06-01,100.000000,4,10000,119,195.718473,2597,8.509800,92.313987,-0.243700,,75066,4127.173435
Randwick,2020-07-01,100.000000,4,10000,117.9375,203.497346,2540,9.015700,92.238703,-2.198500,,74290,4228.264752
Randwick,2020-08-01,100.000000,11,10000,110,187.289079,2230,9.551600,92.373227,-12.519500,,61496,3798.783369
Randwick,2020-09-01,100.000000,14,10000,106.25,189.020681,2505,8.542900,92.332653,12.169900,,72601,4017.851416
Randwick,2020-10-01,100.000000,15,10000,106.375,189.253247,2467,7.742200,92.454829,-2.004500,,73776,4243.011039
Randwick,2020-11-01,100.000000,16,10000,108.125,187.221301,2430,7.613200,92.517609,-2.142900,,71788,4271.851360
Randwick,2020-12-01,100.000000,16,10000,110,198.322910,2451,7.588700,92.399566,0.796300,,75487,4695.329164
Randwick,2021-01-01,100.000000,18,10000,110,195.002310,2432,6.784500,92.370915,-0.263300,,73355,4382.172277
Randwick,2021-02-01,99.704400,18,10000,110,188.446640,2426,6.801300,92.155435,0.198000,,71572,4222.190053
Randwick,2021-03-01,99.666900,18,10000,110,187.434158,2393,6.644400,92.142464,-1.449300,11.111100,71636,4166.582888
Randwick,2021-04-01,99.498200,15,10000,107.0625,187.865837,2313,6.744500,92.073198,-0.601600,50.000000,71459,4154.987895
Ryde,2020-05-01,100.000000,20,2546,90,143.789694,518,14.671800,92.715447,,,11781,2401.759053
Ryde,2020-06-01,100.000000,20,2456,89.5,138.482507,503,14.512900,92.808102,-4.456800,,12042,2272.157434
Ryde,2020-07-01,100.000000,20,2711,89,164.254086,492,15.040700,92.861915,-1.895000,,11939,2910.824666
Ryde,2020-08-01,100.000000,16,829,79,98.897004,413,14.285700,92.777778,-20.653800,,9370,1686.490637
Ryde,2020-09-01,100.000000,16,829,80,100.020134,463,14.686800,92.818627,11.610500,,10889,1761.953020
Ryde,2020-10-01,100.000000,16,829,80,100.829352,460,13.695700,92.898515,-1.677900,,11534,1978.380546
Ryde,2020-11-01,100.000000,16,829,80,101.974182,457,12.691500,92.845771,-0.853200,,10715,1850.462995
Ryde,2020-12-01,100.000000,16,1086,85,105.154499,460,12.608700,92.906634,1.376900,,12363,2223.342954
Ryde,2021-01-01,100.000000,14,2215,85,111.458194,456,12.938600,92.827160,1.528000,,12604,2328.617057
Ryde,2021-02-01,100.000000,14,1746,86.5,110.043771,453,12.362000,92.549505,-0.668900,,11774,2149.104377
Ryde,2021-03-01,100.000000,14,2321,85,109.385009,446,12.107600,92.190476,-1.178500,,12112,2235.221465
Ryde,2021-04-01,99.819800,15,5000,85,116.642599,412,13.106800,92.844327,-5.621800,,11427,2499.667870
Strathfield,2020-05-01,100.000000,15,1000,69.5,123.423077,157,14.012700,88.542254,,,3597,2077.187500
Strathfield,2020-06-01,100.000000,16,999,69,122.033493,156,13.461500,88.457143,0.480800,,3332,1404.435407
Strathfield,2020-07-01,100.000000,16,999,70,122.580488,152,14.473700,88.365672,-1.913900,,3292,1669.604878
Strathfield,2020-08-01,100.000000,20,4567,70.5,133.182857,134,14.925400,88.475000,-14.634100,,2390,1173.314286
Strathfield,2020-09-01,100.000000,20,4567,73,127.502513,149,15.436200,88.007576,13.714300,,3258,1417.969849
Strathfield,2020-10-01,100.000000,20,4567,70,127.154639,145,15.172400,88.456000,-2.512600,,3292,1447.757732
Strathfield,2020-11-01,100.000000,20,4567,69.5,122.163934,141,12.056700,87.781513,-5.670100,,2769,1218.786885
Strathfield,2020-12-01,100.000000,20,4567,68,129.033898,141,12.056700,89.106195,-3.278700,,3108,1476.598870
Strathfield,2021-01-01,100.000000,20,4567,69.5,127.842697,141,11.347500,88.905172,0.565000,,3253,1882.758427
Strathfield,2021-02-01,100.000000,20,4567,70,131.567416,141,11.347500,89.187500,0.000000,,2867,1441.612360
Strathfield,2021-03-01,100.000000,20,4567,70,130.500000,141,11.347500,89.423423,-1.123600,,2960,1458.244318
Strathfield,2021-04-01,99.435000,20,4567,70,132.272727,136,6.617600,89.226087,0.000000,,2998,1466.840909
Sutherland Shire,2020-05-01,100.000000,35,2440,144.5,213.365248,486,23.662600,95.107656,,,10273,3858.437943
Sutherland Shire,2020-06-01,100.000000,34,2440,141.5,213.009191,474,24.472600,95.327628,-3.546100,,10612,4139.851103
Sutherland Shire,2020-07-01,100.000000,35,2710,142.5,222.009452,463,26.997800,95.380952,-2.757400,,10447,4360.909263
Sutherland Shire,2020-08-01,100.000000,24,1500,132.5,199.152720,426,28.873200,95.922652,-9.640800,,9114,3879.598326
Sutherland Shire,2020-09-01,100.000000,24,1523,133.5,204.529412,453,26.710800,95.644909,6.694600,,10479,4236.749020
Sutherland Shire,2020-10-01,100.000000,22,1500,135,209.998028,448,23.883900,95.617801,-0.588200,,10631,4527.960552
Sutherland Shire,2020-11-01,100.000000,24,1500,135.5,216.452756,449,23.162600,95.643979,0.197200,,10263,4519.163386
Sutherland Shire,2020-12-01,100.000000,24,1669,148.5,236.446602,454,22.687200,95.700000,1.378000,,12220,5712.073786
Sutherland Shire,2021-01-01,100.000000,24,1741,147,235.376448,452,23.672600,95.845960,0.582500,,11124,5060.635135
Sutherland Shire,2021-02-01,100.000000,24,1988,140.5,224.331373,447,23.489900,95.782609,-1.544400,,10423,4621.754902
Sutherland Shire,2021-03-01,100.000000,24,1988,140.5,225.300781,450,22.666700,95.794344,0.392200,,10597,4609.646484
Sutherland Shire,2021-04-01,99.408300,24,2143,150,232.238095,426,25.117400,95.687339,-1.562500,,10374,4635.011905
Sydney,2020-05-01,100.000000,0,14315,135,211.247681,6262,12.919200,92.237500,,,191705,3651.307307
Sydney,2020-06-01,100.000000,0,14314,134,209.783533,6183,12.760800,92.367208,-2.387200,,193943,3719.978428
Sydney,2020-07-01,100.000000,0,14315,131,237.108746,6016,13.547200,92.506539,-3.663000,,192223,4114.458597
Sydney,2020-08-01,100.000000,11,14315,113,159.449469,5210,14.241800,92.604314,-15.430700,,155021,3056.577664
Sydney,2020-09-01,100.000000,11,14315,113.625,164.374911,5838,13.035300,92.648346,10.866400,,180026,3284.350437
Sydney,2020-10-01,100.000000,11,14315,115.334710744,166.018503,5773,12.264000,92.683355,-1.596100,,185882,3531.319837
Sydney,2020-11-01,100.000000,11,22500,115.132231405,169.302394,5728,12.150800,92.657575,-1.622000,,182866,3583.400342
Sydney,2020-12-01,100.000000,11,22500,120,181.905909,5667,12.175800,92.673168,-1.612100,,196662,4181.368297
Sydney,2021-01-01,100.000000,11,23929,120,194.918680,5622,11.597300,92.650375,1.204100,,191368,4237.681958
Sydney,2021-02-01,99.913300,11,23571,120,189.026156,5575,11.264600,92.606207,-1.054800,,185801,4019.338540
Sydney,2021-03-01,99.824000,11,22500,120,192.434525,5530,11.121200,92.546627,-1.549500,100.000000,184755,4202.204986
Sydney,2021-04-01,99.588300,11,14315,120,181.645653,5293,11.071200,92.559201,-2.530800,128.571400,185407,4124.522801
The Hills Shire,2020-05-01,100.000000,24,6986,80,179.698462,259,21.621600,93.422727,,,4798,1903.344615
The Hills Shire,2020-06-01,100.000000,24,6984,80,179.070064,250,20.400000,92.800948,-3.384600,,4879,1945.716561
The Hills Shire,2020-07-01,100.000000,26,6985,80.5,254.315951,250,22.000000,93.086538,3.821700,,4730,2267.966258
The Hills Shire,2020-08-01,100.000000,25,9999,79.5,195.907895,244,21.311500,92.980583,-6.748500,,4206,1602.319079
The Hills Shire,2020-09-01,100.000000,21,9999,80,197.408805,247,20.242900,92.816901,4.605300,,4774,1892.389937
The Hills Shire,2020-10-01,100.000000,25,9999,75,196.780255,242,19.834700,92.709524,-1.257900,,4935,2456.280255
The Hills Shire,2020-11-01,100.000000,25,9999,75,223.260586,235,19.148900,92.495238,-2.229300,,4399,2088.931596
The Hills Shire,2020-12-01,100.000000,25,7918,75,208.209459,227,18.942700,92.391960,-3.583100,,5498,4009.027027
The Hills Shire,2021-01-01,100.000000,25,8224,75,213.113712,225,17.333300,92.404040,1.013500,,5030,3131.076923
The Hills Shire,2021-02-01,100.000000,25,6627,75,203.349153,222,18.018000,92.306122,-1.337800,,4900,2338.766102
The Hills Shire,2021-03-01,99.652800,25,6025,75,201.668990,219,17.351600,92.404145,-2.711900,,4621,2404.397213
The Hills Shire,2021-04-01,98.920900,25,6942,75,232.967273,207,17.874400,92.553191,-4.181200,200.000000,4674,2578.829091
Waverley,2020-05-01,100.000000,5,10000,150.56122449,244.856806,4209,7.935400,93.853345,,,120191,5386.739737
Waverley,2020-06-01,100.000000,4,10000,150,244.247811,4164,7.708900,93.914771,-1.316000,,119400,5430.481887
Waverley,2020-07-01,100.000000,5,10000,150,247.705272,4084,8.055800,93.970396,-2.209400,,118065,5455.223692
Waverley,2020-08-01,100.000000,14,10000,148.916666667,228.642485,3513,8.312000,93.988026,-14.146100,,98129,5016.964201
Waverley,2020-09-01,100.000000,5,10000,149,232.978675,3998,7.778900,94.045134,14.509200,,116816,5370.901242
Waverley,2020-10-01,100.000000,5,10000,150,233.466107,3966,7.337400,94.071010,-1.345800,,118461,5586.344386
Waverley,2020-11-01,100.000000,5,10000,150,235.650422,3963,7.090600,94.036782,-0.524700,,118042,5626.181857
Waverley,2020-12-01,99.979200,5,10000,150.083333333,256.741566,4008,7.060900,94.149383,1.308000,,123079,6210.096210
Waverley,2021-01-01,99.958200,5,10000,150,250.872959,3971,6.723700,94.136772,-0.499800,100.000000,121074,6037.476978
Waverley,2021-02-01,99.915600,5,10000,150,249.325586,3943,6.644700,94.102315,-0.941800,100.000000,118825,5987.010142
Waverley,2021-03-01,99.914500,5,10000,150,243.496149,3899,6.437500,94.125896,-1.246600,0.000000,117787,5813.316645
Waverley,2021-04-01,99.632200,5,10000,150,243.191097,3746,6.220000,94.033425,-1.476300,325.000000,116133,5859.922258
Willoughby,2020-05-01,100.000000,26,2599,127.5,198.441288,403,10.421800,91.573446,,,9205,3605.594697
Willoughby,2020-06-01,100.000000,25,2600,122,195.908397,401,9.725700,91.822034,-0.757600,,9149,3505.637405
Willoughby,2020-07-01,100.000000,22,2711,120.5,214.963947,391,10.997400,91.688761,0.572500,,8980,3327.988615
Willoughby,2020-08-01,100.000000,24,14568,104.5,199.524625,348,11.206900,91.903846,-11.385200,,7843,3916.398287
Willoughby,2020-09-01,100.000000,19,14568,103.5,200.952096,376,11.436200,91.960725,7.280500,,8792,4060.848303
Willoughby,2020-10-01,100.000000,24,14568,102,212.427992,371,11.590300,92.030864,-1.596800,,9741,4996.689655
Willoughby,2020-11-01,100.000000,24,14568,102,208.125773,372,11.559100,92.471154,-1.622700,,9212,4706.740206
Willoughby,2020-12-01,100.000000,22,14568,115,237.573196,375,11.466700,92.339934,0.000000,,10821,5825.529897
Willoughby,2021-01-01,100.000000,24,14568,110,237.895918,373,10.187700,92.478827,1.030900,,10220,5695.526531
Willoughby,2021-02-01,99.790400,24,14568,113.5,212.808824,367,10.081700,92.647249,-2.857100,,9474,4780.058824
Willoughby,2021-03-01,99.791200,24,14568,112.5,214.832636,366,10.109300,92.569132,0.420200,0.000000,9790,4929.995816
Willoughby,2021-04-01,99.787200,24,14568,110.5,218.228145,349,10.888300,92.295082,-1.882800,0.000000,9629,4968.605544
Woollahra,2020-05-01,100.000000,23,12076,150.5,321.892834,1281,9.601900,93.546627,,,34279,6124.092318
Woollahra,2020-06-01,100.000000,23,12075,150,318.538411,1255,9.322700,93.529592,-2.517800,,34176,6189.841722
Woollahra,2020-07-01,100.000000,25,28613,150,338.470707,1230,10.000000,93.524454,-1.655600,,33653,6775.139394
Woollahra,2020-08-01,100.000000,28,9501,150,310.749621,1094,10.694700,93.713620,-11.245800,,28798,6238.591047
Woollahra,2020-09-01,100.000000,20,28613,150,344.309993,1215,9.711900,93.707758,11.608500,,33214,7080.589395
Woollahra,2020-10-01,100.000000,20,28613,150,341.644645,1197,8.270700,93.722826,-2.243400,,33774,7400.184979
Woollahra,2020-11-01,100.000000,20,28613,150,319.424735,1192,8.473200,93.691372,-1.599400,,33103,6947.042403
Woollahra,2020-12-01,100.000000,25,28613,155,346.170487,1172,8.361800,93.759174,-1.342800,,34094,7626.099570
Woollahra,2021-01-01,100.000000,25,28613,150,334.169784,1164,7.646000,93.698394,-0.429800,,33614,7258.160432
Woollahra,2021-02-01,99.927600,25,28613,152,333.325851,1156,7.872000,93.752887,-0.647500,,32320,6887.758870
Woollahra,2021-03-01,100.000000,25,28613,150,329.920438,1151,7.645500,93.693473,-0.796500,-100.000000,32364,6739.399270
Woollahra,2021-04-01,99.771300,25,28613,152.5,361.994652,1066,8.255200,93.930403,-4.452600,,31858,7505.017571
